nome;score;peso;data_nascimento;nome_da_mãe;data_nascimento_da_mãe;telefone;cpf;endereco;email;ocupacao;renda_mensal;status_cadastro;data_cadastro
Rafaela Lopes;42;62.25;29/04/1959;Larissa Gonçalves;23/03/1962;+55 (071) 4909 3479;716.489.350-01;Trecho Ana Luiza Moreira, 842, Vieira do Oeste - PE;enzo77@hotmail.com;Judoca;3084.39;inativo;10/11/2024
Srta. Olivia da Mata;9;77.38;22/03/1961;Júlia Barros;13/12/1978;+55 61 0996 7005;120.479.863-03;Viela Luiza da Rosa, 300, Cunha da Prata - CE;davi99@novaes.net;Gerente de banco;5450.08;ativo;04/07/2024
Lorena Silveira;72;50.56;29/10/2001;Kamilly Moreira;04/08/1982;+55 (071) 3507 5648;924.017.658-67;Parque Barbosa, 87, Moura - GO;correiamarcela@nogueira.br;Profissional de reciclagem;9010.08;ativo;07/07/2023
Sr. Luigi Farias;37;80.34;11/12/1985;Valentina Nascimento;15/01/1984;(071) 7072 2688;012.763.485-17;Campo Nathan Castro, 461, Pires - PR;ana-sophia14@nunes.com;Técnico em documentação;12573.45;inativo;10/10/2023
Pedro Henrique Nogueira;10;58.48;23/07/1991;Isabelly da Rosa;13/01/1976;0300-200-6311;726.195.834-46;Praça Sofia das Neves, 74, Costa - PA;ccaldeira@farias.br;Tecnólogo em papel e celulose;4369.4;ativo;22/02/2023
Luiz Fernando Rezende;19;59.91;07/02/1992;Maria Eduarda Costela;10/01/1936;+55 21 6279 3077;125.349.607-25;Esplanada Bárbara Lima, 245, Rodrigues - RN;mda-luz@gmail.com;Continuista;4961.24;pendente;22/11/2024
Luiz Felipe Fernandes;70;87.95;04/06/1984;Sarah Gomes;25/05/1973;0900-970-6832;640.753.291-43;Distrito de Porto, 102, Fernandes do Campo - RS;xnovaes@porto.br;Clarinetista;9093.51;ativo;16/12/2023
Dra. Marcela Pinto;4;58.25;30/04/1978;Pietra Souza;03/11/1948;+55 (061) 4306 6659;615.827.430-53;Sítio da Mota, 252, da Rosa de da Rocha - RR;caua65@da.com;Almirante;12531.54;inativo;12/10/2024
Caroline Jesus;35;82.75;16/11/1979;Lara Teixeira;06/08/1936;+55 21 2849-2634;843.901.726-03;Estrada Clarice Santos, 973, Cunha - PB;omonteiro@uol.com.br;Diagramador;7793.99;inativo;16/09/2024
Vinicius Nascimento;10;67.78;25/03/1977;Júlia Freitas;20/10/1930;(061) 5011-6417;518.602.473-26;Estação Luiz Gustavo Ribeiro, 77, da Cunha de Freitas - PR;saleshelena@barros.com;Jangadeiro;3093.66;pendente;15/10/2023
Dra. Melissa Carvalho;32;98.51;22/03/1957;Natália da Cruz;12/12/1950;11 0792-7568;905.124.876-85;Viela Noah Alves, 112, Barros da Mata - SE;aragaobeatriz@melo.com;Perito criminal;12496.42;inativo;03/05/2024
Benjamin Cardoso;0;68.82;15/05/2004;Maria Julia Pires;14/10/1961;+55 41 7641-1970;203.614.587-62;Alameda Silveira, 505, Moraes - RJ;freitasmurilo@hotmail.com;Fisioterapeuta;6991.36;ativo;08/04/2024
Lorenzo Duarte;63;69.09;04/03/1978;Camila Almeida;17/12/1947;11 9840 7094;291.846.035-42;Morro Teixeira, 663, Vieira de Sales - AC;zrodrigues@castro.br;Personal trainer;8614.99;ativo;31/05/2023
Marina Almeida;28;74.13;04/09/1968;Dra. Valentina Lima;18/11/1969;+55 31 7453-9384;386.741.592-73;Núcleo Davi Luiz da Mata, 980, Silva - GO;lucas72@oliveira.com;Engenheiro de supply chain ou logística;7246.41;pendente;16/01/2025
Emilly da Rosa;14;89.25;21/10/1959;Beatriz Farias;13/06/1975;84 2367 4656;629.584.713-73;Passarela de Cavalcanti, 827, Ferreira de Moura - TO;carlos-eduardodias@da.br;Timoneiro;7900.14;ativo;24/12/2024
Marcos Vinicius Rezende;34;88.5;22/05/2001;Beatriz Novaes;31/05/1934;(021) 4365-8146;271.583.690-21;Fazenda Maria Clara Gomes, 973, Barros da Prata - SP;gomesnicole@almeida.br;Ferramenteiro;7163.38;inativo;10/03/2023
Sr. João Pedro Fogaça;40;97.82;19/07/1966;Agatha Moraes;13/11/1976;+55 (051) 1762 8660;364.795.810-75;Trecho Freitas, 255, da Conceição do Norte - RS;lara07@da.com;Geradorista;5420.87;ativo;02/02/2025
Fernando Pinto;29;72.77;24/02/1965;Dra. Luana Sales;18/09/1963;0300 135 8562;173.569.840-75;Largo de Araújo, 656, Almeida de Ramos - PE;luigivieira@teixeira.com;Taxidermista/Embalsamador;11029.21;inativo;05/07/2024
Srta. Larissa Dias;36;94.39;08/04/1959;Evelyn da Conceição;29/05/1934;+55 31 4402 6344;896.570.413-84;Via Nascimento, 121, da Cunha - MT;joao-felipe56@hotmail.com;Assessor parlamentar;3670.17;ativo;14/12/2024
Isabelly da Rocha;85;74.41;04/07/1990;Ana Rezende;10/03/1981;+55 81 6650-9809;940.687.235-83;Fazenda de da Rosa, 101, Campos da Serra - TO;stellajesus@bol.com.br;Engenheiro petroquímico;13491.38;pendente;16/11/2023
Arthur Pires;5;99.61;28/06/1972;Dra. Isabelly Peixoto;26/11/1978;(071) 3473 6768;046.897.321-40;Favela Luigi Nunes, 221, da Costa - TO;wvieira@campos.com;Enfermeiro;13192.5;pendente;22/02/2023
Sr. João Gabriel Cardoso;5;56.22;01/01/1946;Rafaela da Paz;17/08/1969;0900 902 1835;480.329.176-40;Aeroporto Ryan Cardoso, 931, Viana das Pedras - ES;ldias@araujo.br;Tesoureiro;5387.85;inativo;15/05/2023
Dr. Rodrigo Alves;67;77.68;07/02/1945;Dra. Maria Sophia Almeida;04/12/1968;+55 (011) 0281 0194;692.735.184-19;Sítio Thiago Viana, 120, Rodrigues - MS;bviana@da.com;Taxista;9628.37;pendente;22/03/2023
Diogo Correia;33;82.2;09/08/1986;Bruna Castro;23/07/1960;(061) 5575 7200;730.459.816-66;Praça de Pires, 994, Gomes da Praia - PE;tbarros@gmail.com;Almoxarife;6856.29;pendente;16/05/2023
Dr. Enzo Gabriel Duarte;33;57.0;27/12/1978;Maria Julia Barros;13/11/1968;71 8408-8395;953.780.462-38;Lagoa Farias, 402, Costela - CE;renan09@hotmail.com;Leão de chácara;12960.82;pendente;23/09/2024
João Lucas Porto;95;68.0;03/03/1995;Júlia da Paz;05/07/1967;+55 41 6714-4505;479.182.506-30;Favela Souza, 125, Peixoto Grande - PA;galmeida@uol.com.br;Jogador de vôlei;14619.34;pendente;29/02/2024
Daniela Cardoso;52;65.16;20/08/1985;Camila Aragão;02/08/1978;+55 (031) 9934-8416;140.825.679-76;Vale Bruno Ribeiro, 142, Teixeira da Serra - DF;pmendes@campos.br;Triatleta;3088.27;pendente;15/03/2023
Dr. Luiz Henrique Silva;70;51.31;25/08/2004;Vitória da Rosa;11/07/1938;+55 61 9578-5696;639.187.504-93;Parque de Ferreira, 720, Fernandes - MG;enzo-gabrielda-rosa@yahoo.com.br;Serralheiro;14104.37;inativo;06/03/2024
Clara Melo;57;65.39;27/04/1968;Maria Cecília da Luz;12/12/1968;0500 129 6104;530.846.917-20;Lago Costela, 509, Araújo - RO;maria-vitoria01@gmail.com;Geofísico;3031.21;ativo;10/04/2024
Isabel Duarte;58;86.4;13/02/1952;Marina Nogueira;23/11/1976;0300 892 0451;605.237.941-34;Parque de Almeida, 741, Fogaça de Minas - MT;cpereira@correia.br;Bailarina;3318.99;pendente;07/02/2024
Pedro Henrique Peixoto;12;60.08;27/09/1996;Srta. Bruna Cunha;17/11/1946;41 6895-6747;951.863.740-75;Quadra de da Rocha, 177, Santos do Galho - RR;silvaevelyn@ig.com.br;Vistoriador de sinistros;9824.87;pendente;13/12/2024
Bruno Nogueira;77;70.37;20/11/1953;Catarina Aragão;11/04/1964;11 1702 4049;425.067.938-10;Recanto da Cunha, 591, Monteiro - RN;nrezende@da.com;Investigador de Polícia;8641.86;inativo;28/09/2024
Antônio Peixoto;80;73.54;19/06/1944;Letícia da Cruz;19/11/1957;(011) 7738-7100;962.150.783-95;Parque de da Paz, 997, das Neves - RR;yuri91@souza.com;Endocrinologista;2696.53;ativo;17/10/2023
Maysa Peixoto;86;65.75;12/07/1987;Marina Nunes;25/06/1940;61 5236-1066;530.786.214-80;Ladeira de Fernandes, 997, da Rocha - RR;otavio63@yahoo.com.br;Operador de vídeo;7317.58;inativo;15/05/2024
Joana Castro;59;75.91;13/11/1991;Pietra Sales;29/10/1964;+55 41 5926 4001;129.507.348-04;Estação Castro, 682, Aragão - TO;maria22@hotmail.com;Editor de mesa de corte;11759.82;inativo;01/11/2023
Mariane Monteiro;65;84.43;27/02/1989;Olivia Barros;31/05/1929;+55 (051) 1546 8926;380.946.752-92;Distrito Vieira, 117, Pereira - SC;flopes@das.br;Representante comercial;9943.72;ativo;06/02/2024
Lara da Conceição;66;94.8;05/08/1979;Ana Luiza Santos;24/07/1976;0800 295 5673;274.358.901-97;Travessa Mariane Lima, 847, Porto da Praia - RN;ana-carolina18@pinto.br;Militar da Marinha;6230.19;pendente;06/11/2024
João Guilherme Gomes;39;63.92;16/07/1978;Maria Duarte;23/03/1940;+55 (061) 0508 3797;954.706.231-06;Passarela Diego Peixoto, 111, das Neves - BA;sfarias@castro.net;Lutador de kung fu;9255.16;ativo;09/09/2024
Dr. Luiz Otávio Viana;4;76.39;10/01/1955;Heloísa Lima;05/08/1941;+55 (084) 5946 4294;718.042.396-31;Área de Freitas, 533, Lopes do Sul - AC;isabelpeixoto@uol.com.br;Ecólogo;13483.6;ativo;02/09/2024
Fernanda Barbosa;75;61.72;07/02/1964;Marina Araújo;13/04/1934;+55 (021) 7159-5890;518.729.340-05;Residencial de Vieira, 910, Fernandes de Goiás - SP;mendesnicolas@cavalcanti.com;Capelão;6311.62;ativo;17/10/2023
Caio Cardoso;9;97.71;14/10/1999;Júlia Alves;10/03/1980;+55 11 8970-4563;354.716.982-82;Alameda Davi Caldeira, 838, Dias - RS;biancafogaca@gmail.com;Cameraman;6511.92;pendente;10/07/2024
Sr. Alexandre da Cunha;56;69.78;03/06/1996;Maria Vitória Silveira;18/04/1969;+55 21 7626-6765;793.856.201-77;Ladeira Costa, 698, Carvalho de Minas - TO;diogocardoso@uol.com.br;Baterista;6964.52;ativo;06/02/2025
Pietro Lima;43;95.21;07/07/1975;Cecília Moraes;23/07/1927;(011) 7739-5755;782.314.695-91;Trecho Benício Azevedo, 37, Teixeira do Galho - PI;juliana61@gmail.com;Artista/Técnico em espetáculos de diversões;4245.21;ativo;21/07/2024
Sr. Davi Martins;25;51.88;13/11/1980;Luana Correia;05/02/1979;(061) 7284-9080;712.589.430-50;Passarela Cavalcanti, 537, Pinto - BA;sophierocha@costela.com;Coach;2118.5;pendente;14/11/2024
Maria Fernanda Pinto;28;70.63;01/09/1976;Melissa Nogueira;21/08/1977;41 4950 6802;264.917.583-46;Vereda da Mota, 775, Lopes - RS;vpeixoto@almeida.net;Laboratorista;2671.26;pendente;05/01/2025
Igor Monteiro;59;75.38;22/05/1945;Mariane Lopes;10/01/1925;11 7431-9177;069.413.528-33;Travessa Fernandes, 924, Rezende - RJ;martinscaroline@yahoo.com.br;Cambista;4307.81;pendente;17/01/2024
Dr. Noah Barbosa;22;97.73;17/11/1972;Alana Pires;03/02/1963;0900 686 9957;903.768.125-59;Praia Isaac Oliveira, 258, Silva - RO;vitor-gabrielaragao@hotmail.com;Nefrologista;6628.61;ativo;01/05/2024
Maria Vitória Ramos;72;90.11;25/03/1986;Dra. Fernanda Nascimento;25/04/1976;+55 41 6504-2014;768.523.140-90;Condomínio Caldeira, 751, Sales - RO;davi-lucasgoncalves@yahoo.com.br;Maestro;2723.98;ativo;23/12/2024
Emanuel Alves;50;85.26;05/06/1955;Yasmin da Luz;29/11/1976;11 6440-1826;609.187.543-48;Rodovia Melo, 48, Silva Verde - PR;augusto27@da.br;Jogador de vôlei;10492.82;inativo;01/05/2023
Vinicius Moura;79;84.13;25/04/2003;Isadora Cardoso;28/04/1983;+55 (081) 6030-0945;482.190.563-98;Lago Enrico Caldeira, 675, Novaes - ES;lopesnina@uol.com.br;Líder comunitário;3401.6;ativo;07/05/2024
Dr. Yago Silveira;83;53.81;31/07/1993;Yasmin Sales;27/06/1964;11 4371 8572;397.856.024-00;Alameda de Gonçalves, 480, Ramos - MG;emanuellyda-rosa@silveira.br;Bombeiro;14541.44;ativo;21/03/2024
Danilo Melo;97;61.28;07/08/1973;Emanuella Fernandes;14/08/1925;0900-904-0136;138.645.079-01;Vila Freitas, 72, Barros - RN;joao-pedro52@gmail.com;Profissional de relacionamento com investidores RI;2557.29;inativo;22/08/2024
Thomas Alves;7;97.23;25/02/1970;Luiza Melo;24/05/1933;(071) 1820-3861;708.963.541-48;Largo Evelyn Ramos, 246, Pereira da Serra - MS;beatrizsales@uol.com.br;Dermatologista;2795.29;pendente;15/03/2024
Benício da Cruz;72;80.01;31/10/1944;Sra. Gabrielly Barros;12/10/1929;61 4548 8477;426.179.853-00;Condomínio Carvalho, 21, Novaes - MT;camposdavi@barbosa.org;Arrumadeira;2494.21;pendente;15/08/2024
Diogo Cardoso;2;57.99;23/03/1962;Mariane da Luz;08/04/1945;+55 81 4288-0355;876.415.032-17;Parque Nunes, 713, da Cruz - CE;taragao@gmail.com;Lutador de luta livre;10953.63;pendente;21/10/2024
Julia Rocha;47;82.39;16/12/1944;Sra. Luana da Luz;20/05/1985;+55 (084) 0262-8016;910.743.286-04;Lago de da Cruz, 624, Moura de Fogaça - RS;santosjoao-guilherme@cavalcanti.br;Auxiliar de reprografia;7106.01;inativo;02/05/2023
Gabriela Duarte;22;93.3;18/04/1953;Stephany Jesus;04/04/1949;0900 691 2846;758.941.260-02;Favela Barros, 101, Aragão - MT;inovaes@ig.com.br;Cobrador de ônibus;9078.17;ativo;21/06/2023
Otávio da Conceição;33;81.92;02/01/2003;Maria Eduarda Peixoto;06/07/1967;+55 (051) 6309-4325;894.351.260-06;Condomínio Yasmin Gomes, 491, Martins das Pedras - PE;xrodrigues@bol.com.br;Pesquisador;4249.28;pendente;11/04/2023
Dr. Eduardo Monteiro;70;70.77;31/12/2004;Heloísa Sales;17/04/1966;61 4116 2218;817.543.092-32;Colônia da Mata, 359, Cardoso Paulista - PR;thomasgomes@uol.com.br;Engenheiro de produto ou produção;3703.63;ativo;10/12/2023
Francisco Rezende;30;89.4;24/06/1956;Ana Jesus;23/07/1945;+55 81 0901 7155;261.873.590-03;Via Luna Pereira, 245, da Rosa - SE;sophia58@yahoo.com.br;Argumentista;14848.2;inativo;04/06/2023
Thales Gomes;77;96.82;16/07/1978;Laura Cavalcanti;17/09/1925;(041) 8886-5593;578.143.260-44;Estação de Nunes, 759, Monteiro dos Dourados - PB;piresyasmin@uol.com.br;Cientista social;9786.8;ativo;23/01/2024
Sr. Luiz Fernando Castro;56;51.81;30/01/1975;Emilly Viana;06/11/1938;+55 (081) 0090 7110;751.680.342-17;Favela Giovanna da Conceição, 10, Rodrigues - RS;rochaana-julia@gmail.com;Engenheiro de alimentos;14886.84;pendente;19/07/2023
Valentina Mendes;77;94.2;16/07/1968;Catarina Martins;23/09/1939;21 6007-3850;728.169.504-76;Estrada Emilly da Rosa, 800, Novaes - PI;ccardoso@bol.com.br;Bombeiro;5778.34;ativo;12/11/2024
Leonardo Lopes;21;77.73;21/12/1960;Ana Julia Lima;08/02/1954;+55 (071) 5817-8728;051.926.734-61;Trevo Pedro Henrique Gomes, 514, Nunes - PI;henriquecosta@dias.org;Militar da Aeronáutica;7669.67;ativo;23/07/2023
João Guilherme da Paz;3;97.1;06/08/1985;Brenda Porto;03/06/1951;(081) 4988 2365;285.064.317-35;Ladeira Ramos, 771, Costa - PI;joanafernandes@martins.com;Pecuarista;7332.85;ativo;23/10/2023
Bianca Melo;43;76.07;16/09/1986;Luana Gonçalves;09/09/1952;(031) 5933 5106;164.203.895-42;Viela Vinicius Lima, 561, Novaes - PI;stellada-mata@cunha.org;Engenheiro metalúrgico;12378.97;pendente;18/02/2023
Diogo Carvalho;23;56.5;27/07/1965;Sra. Bianca Sales;21/10/1935;+55 84 5949-1501;302.514.786-53;Praça Melissa Jesus, 510, Souza - SE;igormartins@goncalves.br;Cientista da informação e documentação;9130.03;inativo;15/06/2023
João Felipe Ramos;23;93.05;12/08/1998;Eduarda Rocha;22/09/1984;(031) 5543-3936;460.825.937-74;Jardim de Souza, 90, da Rosa - PE;maite08@uol.com.br;Engenheiro de horticultura;12238.93;pendente;30/05/2023
Luiz Miguel Cunha;58;86.65;24/10/1949;Ana Beatriz Moura;16/08/1984;41 0286 4924;380.475.126-17;Rodovia de Correia, 103, Ribeiro da Prata - MS;da-matamaria-sophia@da.com;Cabo;6067.07;pendente;03/07/2023
Bruna da Cunha;79;94.88;30/09/1963;Luana Peixoto;16/10/1933;0900 687 1673;983.470.125-04;Via de Cardoso, 633, Melo do Galho - MA;diego89@cunha.net;Funileiro;2102.9;pendente;18/08/2023
Brenda Ramos;44;61.42;19/02/1978;Julia Caldeira;30/04/1975;(051) 9329-9152;367.924.058-92;Estação Samuel Porto, 806, da Cunha - AC;breno68@fernandes.com;Barman;10597.25;pendente;25/07/2023
Isis Martins;67;64.34;03/12/1946;Clarice Cavalcanti;04/02/1961;+55 11 0427-9824;608.351.429-06;Trevo Caldeira, 6, Fogaça de Gomes - MT;novaesdiogo@bol.com.br;Subprefeito;14409.75;inativo;04/11/2024
Lucas Gabriel Cavalcanti;32;57.98;22/04/1955;Larissa das Neves;13/12/1968;+55 84 1607 5962;829.307.465-56;Núcleo da Rosa, 45, Rodrigues Grande - MA;agatha34@gmail.com;Angiologista;8394.35;pendente;26/08/2023
Valentina Costa;18;53.8;29/05/1988;Júlia Nunes;13/12/1938;11 7719-7565;683.014.572-44;Fazenda Maria Clara Silveira, 849, Jesus - AL;viniciuspinto@farias.br;Gestor de tecnologia da informação;14409.57;inativo;05/01/2024
Maria Cecília Barros;61;63.8;20/04/1965;Dra. Ana Carvalho;31/08/1938;(084) 3468-3654;570.483.629-10;Colônia João Miguel Rodrigues, 968, Santos - AC;danilonogueira@gmail.com;Fotógrafo;5275.32;ativo;15/09/2024
Sophia Monteiro;13;72.3;25/04/1963;Lavínia das Neves;29/12/1938;51 9788 1344;478.629.530-29;Parque Fernando Duarte, 127, Azevedo do Sul - PB;laislopes@uol.com.br;Cabeleireiro;6868.93;pendente;15/09/2023
Olivia Lopes;44;92.21;15/06/1965;Amanda da Rosa;22/09/1957;(031) 3794 8900;250.734.168-80;Chácara Porto, 71, Barros do Oeste - MA;acavalcanti@vieira.br;Jogador de handebol;6309.11;pendente;28/07/2024
Sra. Caroline Dias;91;87.55;08/04/1969;Bárbara Almeida;05/04/1950;0800-336-7838;851.603.729-03;Recanto Oliveira, 648, Pereira das Pedras - SC;juliafernandes@uol.com.br;Economista doméstico;14080.51;pendente;03/12/2023
Diego Pires;18;91.09;24/04/2002;Sra. Stella Silveira;04/01/1961;+55 11 4369 2299;258.140.967-30;Praça Isaac Viana, 886, Mendes da Serra - DF;lucas-gabriel11@gmail.com;Presidente da República;7627.15;ativo;18/03/2023
Bianca da Costa;54;76.5;18/08/1988;Julia Viana;25/11/1930;+55 11 3184-6276;760.138.245-17;Vila de Nascimento, 28, da Rosa - SP;yferreira@caldeira.net;Profissional de marketing;11622.33;ativo;11/01/2024
Amanda Rodrigues;36;69.32;07/03/1983;Srta. Maria Sophia da Luz;23/04/1949;81 8012-6470;098.643.752-29;Pátio da Rocha, 778, Teixeira do Sul - PB;correiasophia@campos.com;Capitão;4989.23;pendente;29/07/2023
Benício Gonçalves;5;53.24;20/07/1999;Ana Júlia da Rocha;07/07/1956;71 9679-9341;704.536.192-07;Conjunto Jesus, 677, Cardoso da Serra - RR;limabeatriz@nascimento.com;Naturólogo;9951.67;pendente;10/05/2023
Mariana Costela;92;50.99;08/11/1967;Lara da Mata;10/05/1959;21 9222 8673;371.824.695-37;Residencial João Vitor Cunha, 716, Martins das Flores - MS;rochalivia@bol.com.br;Juiz ou árbitro de futebol;4476.95;pendente;12/01/2025
Alícia Farias;62;52.37;29/10/1944;Sra. Lorena Ramos;25/10/1954;+55 (081) 9259-4331;071.362.945-25;Estação Matheus Barbosa, 201, Barbosa - RN;luanaoliveira@rezende.br;Tenista;7078.68;ativo;30/01/2024
Stella Cunha;35;74.48;15/03/1961;Maria Julia Duarte;23/11/1975;+55 61 1898-9828;274.538.601-80;Avenida Cunha, 536, Carvalho Grande - ES;davidias@das.br;Boticário;12638.35;ativo;10/06/2023
Marina das Neves;42;92.82;28/07/1986;Manuela Rezende;18/12/1976;0500-515-2842;402.697.385-92;Setor de da Rosa, 273, Aragão da Serra - RR;joaquimmelo@uol.com.br;Gravurista;9451.49;inativo;05/11/2023
Dra. Elisa Mendes;87;61.22;14/08/2005;Srta. Isabel Freitas;27/08/1966;+55 (011) 5210 6720;631.795.082-21;Viaduto Pinto, 188, Caldeira - SC;larissa48@da.com;Transportador;9190.4;inativo;23/03/2024
Alexandre Cardoso;95;93.35;03/12/1962;Laís da Conceição;13/09/1926;+55 (051) 5159-9066;290.165.748-67;Favela Pedro Lucas Moreira, 513, Cavalcanti - RR;joao-vitorduarte@yahoo.com.br;Produtor fonográfico;5882.69;pendente;22/11/2023
Pedro Moreira;59;76.28;10/03/2001;Sofia Rezende;05/01/1928;61 2638 2822;468.235.907-00;Área João Vitor da Mota, 122, Araújo - SE;danilocardoso@pires.net;Profissional de linguística;6216.18;pendente;18/01/2024
Vinicius Duarte;15;61.78;22/02/1956;Srta. Bruna Campos;08/08/1981;(071) 6194-9595;645.321.908-51;Campo Monteiro, 181, Freitas Verde - MS;mendespietro@farias.net;Professor;11884.32;pendente;16/11/2023
Paulo Cavalcanti;84;51.91;21/07/1957;Julia Novaes;18/12/1975;+55 11 1198-4922;952.036.718-77;Colônia de Azevedo, 741, Duarte de Minas - AP;duarteguilherme@silva.br;Alpinista;2251.65;pendente;04/04/2024
Dr. Nathan da Rosa;17;99.74;21/11/1950;Sra. Ana Luiza Ribeiro;27/12/1969;(084) 5087 3352;715.420.369-25;Condomínio de Fogaça, 326, Cardoso - PI;xnascimento@yahoo.com.br;Pescador;5059.87;pendente;01/11/2024
Dr. Miguel Moura;15;77.47;22/11/1966;Yasmin Gomes;12/12/1962;11 9081 2513;147.326.509-61;Esplanada Barros, 260, Duarte do Sul - SC;xbarros@das.org;Esteticista;3760.72;pendente;21/10/2023
Letícia Costela;71;66.63;12/04/1973;Stephany Fernandes;14/11/1943;+55 (061) 5565-8866;942.367.051-25;Setor Cardoso, 482, Novaes - AP;bruna64@yahoo.com.br;Engenheiro naval;8319.74;ativo;21/05/2023
Maria Sophia Cavalcanti;72;89.18;07/01/1989;Srta. Maria Sophia Souza;22/09/1943;+55 (051) 3204-0773;534.629.817-73;Sítio Sophia da Costa, 338, Silva - SP;rezendemaria-luiza@uol.com.br;Cientista político;10892.53;pendente;04/01/2025
Daniel Rezende;46;92.28;30/03/1958;Camila Mendes;17/04/1953;+55 (061) 2787 4956;485.197.023-41;Via Rodrigues, 999, Azevedo de Silveira - AP;kevin99@gmail.com;Intérprete e tradutor de língua de sinais;9212.82;pendente;13/08/2024
Marina Peixoto;58;52.68;24/09/1967;Luana Castro;26/03/1944;+55 31 2151 7330;290.758.643-29;Fazenda de da Costa, 78, Ferreira de da Mata - AM;rdas-neves@ig.com.br;Apontador de mão-de-obra;11827.6;inativo;06/12/2024
Pedro Henrique Cunha;98;66.68;08/02/1997;Maria Clara Teixeira;19/01/1952;21 2264-2352;304.928.657-10;Rodovia Danilo Freitas, 21, Silveira da Praia - SE;maysa57@bol.com.br;Taifeiro;13958.15;ativo;12/11/2024
Pietro da Paz;71;73.98;19/03/1951;Manuela Rodrigues;06/12/1965;11 6776 7046;481.729.635-64;Residencial de Campos, 281, Ferreira Alegre - BA;nfarias@azevedo.com;Engenheiro de produção agroindustrial;9770.61;ativo;25/10/2023
Diego Porto;79;80.86;18/08/1960;Alexia Ramos;24/11/1949;+55 (081) 4385-8633;702.561.483-17;Estação da Rosa, 146, Novaes - RN;pedro35@ig.com.br;Tabelião;8098.87;inativo;18/12/2024